title,description,user_id,customer_id,status,priority,due_date,completed_at
gfbdfbdbgdfbgbfdbgf,fdbdbdgbdg,16,192,on_hold,medium,2025-03-22,
gfbdfbdbgdfb,gdbdgbdgb,62,56,on_hold,medium,2025-03-22,
bggfbdfbgdg,bfgfbdfbdg,19,17,in_progress,low,2025-03-22,
gbddfb,dfbdbgdb,62,57,in_progress,high,2025-03-22,
fdvsfddfsbfsb,gfbgfdbergrebttb,29,106,in_progress,medium,2025-03-22,
vdfsvsdfvsv,sdfvsdfvsdfv,16,128,planning,medium,2025-03-22,
avsd,dsvfdsvsdvsf,56,106,in_progress,medium,2025-03-22,
dsvdsvsdfsbgdfbdfmmm,fdbbgffgbfg,16,17,in_progress,medium,2025-03-20,
dsvdsvsdfsbgdfbdf,fdbbgffgbfg,16,56,in_progress,medium,2025-03-19,
dsvdsvs,fdbbgffgbfg,16,66,in_progress,medium,2025-03-20,
"iure quaerat dolor","Vitae quia quia corrupti et. Consequatur aut consequatur est tempora minima. Ea sint quisquam voluptatem velit ipsam.",95,64,in_progress,medium,2025-03-28,
"assumenda cum et","Delectus blanditiis distinctio magni ullam. Rerum sunt aut voluptatem voluptates praesentium. Nulla occaecati quia repellendus quam cumque.",44,63,on_hold,high,2025-03-27,
"sunt unde perspiciatis","Consequuntur asperiores placeat asperiores. Ut nisi ab ducimus itaque. Eveniet ducimus et voluptatem in rerum non ullam.",47,193,planning,critical,2025-03-31,
"sint cum voluptas","Error perferendis nobis et. Officiis at sapiente qui amet consequatur iusto impedit eaque. Totam et eum facilis sint illum labore aliquid.",52,95,planning,low,2025-03-28,
"quaerat ipsa nobis","Est hic hic dolores et sed. Amet maiores dolorem omnis doloremque. Animi voluptate voluptates reiciendis veritatis maxime laudantium.",22,139,completed,low,2025-03-29,"2025-03-11 17:37:04"
"recusandae in dolorem","Qui accusantium mollitia dolorum ea voluptates ex. Blanditiis cum ut expedita illum totam voluptatem. Itaque omnis nostrum ut qui placeat.",44,165,completed,low,2025-03-29,"2025-03-10 00:35:40"
"qui veritatis sunt","Aut velit voluptatibus ratione quaerat necessitatibus dignissimos sunt minima. Facere et expedita eligendi est itaque. Omnis aut quod facilis dolores.",31,122,planning,high,2025-03-28,
"dolor inventore quibusdam","Voluptatem ratione quos autem qui. Voluptas autem et nisi fuga illum dicta. Sequi in animi et quo id incidunt.",21,93,on_hold,medium,2025-03-29,
"error rerum culpa","Nisi corrupti sit eveniet necessitatibus. Corporis inventore tenetur voluptas quia doloremque laboriosam rerum. Eos adipisci doloremque facilis quis.",28,146,completed,high,2025-04-02,"2025-03-07 09:43:51"
"omnis occaecati assumenda","Quos sint soluta esse accusantium quis repellendus. Voluptatem nihil et laborum qui dolor nihil consequatur expedita. Dolor voluptatem laborum et non quod iste rerum.",51,26,in_progress,low,2025-03-29,
"laboriosam amet et","Minus dolores quasi est enim. Sint voluptas delectus et facilis sunt dicta. Debitis officiis ipsa reprehenderit magnam at reiciendis.",25,46,in_progress,high,2025-04-01,
"quia voluptatem aperiam","Provident molestiae ipsum impedit et sint maiores enim. Animi est dolores optio eveniet. Architecto saepe alias quibusdam distinctio id rem ad esse.",89,147,completed,low,2025-04-02,"2025-03-09 06:31:57"
"error libero rerum","Fugit sed eos consequatur beatae. Odit perferendis iure reprehenderit. Cum ut earum deserunt debitis.",67,176,cancelled,low,2025-03-30,
"nesciunt quia a","Aut dolorem non asperiores quia non. Dolorem qui quas aut dolorum voluptatem et. Tempora autem voluptatem cumque ex aliquam maxime quam.",40,178,on_hold,low,2025-03-27,
"ut unde beatae","Voluptate velit nam id similique ad quisquam. Est quaerat dolorem doloribus delectus saepe eius eum vel. Ullam quasi esse et autem accusamus necessitatibus et.",45,199,cancelled,medium,2025-04-01,
"sunt illum quas","Consequatur beatae est consequatur consequatur sunt quia consequatur. Voluptatem consequatur quisquam sed aut quia totam. Eius minima eaque hic qui reiciendis dolor.",21,121,in_progress,high,2025-03-27,
"magni dolorem possimus","Voluptatem repudiandae odit quo dignissimos. Corrupti vel non aperiam necessitatibus nulla. Quia facilis ex optio veritatis aliquid iusto sit tempore.",67,81,planning,high,2025-03-30,
"alias in velit","Ipsam ad sit culpa asperiores. Aperiam qui accusamus accusamus sint. Sunt molestiae dicta officiis excepturi nesciunt.",20,50,cancelled,critical,2025-03-31,
"vero fugiat reprehenderit","Consequuntur dicta eligendi inventore natus natus non quis. Minus iste quam possimus quia voluptatem consequatur. Itaque iste non amet quibusdam aut.",79,87,planning,low,2025-03-31,
"est ut adipisci","Esse praesentium praesentium vel quis voluptatem id et illo. Doloribus rerum ex pariatur qui vero debitis quia voluptas. Ducimus tenetur sed consequatur rerum rerum magni.",37,143,in_progress,medium,2025-04-02,
"aliquam placeat ut","Laborum aspernatur ut error eos. Laboriosam minima et eum numquam dicta. Corrupti aut aut fugiat rerum harum.",87,109,planning,high,2025-03-31,
"mollitia voluptatem similique","Id nulla repellat dolorem accusantium dolorem. Hic dolore et ut natus voluptates. Dolore velit quae eos praesentium.",7,179,on_hold,low,2025-03-30,
"autem accusamus accusantium","Voluptatem aut et blanditiis doloremque sint qui placeat et. Quo sequi et consequuntur. Dolores hic et sed perspiciatis autem atque.",2,50,on_hold,high,2025-04-01,
"consequuntur voluptatem incidunt","Facere corporis deleniti ut. Placeat facilis aut vero est. Voluptate omnis nemo sunt earum debitis dolorum.",35,167,planning,critical,2025-04-01,
"nobis quo doloremque","Qui incidunt quia excepturi voluptas. Dolorem provident omnis qui quia et. Tempora impedit consectetur sint animi sint.",12,23,on_hold,critical,2025-04-01,
"omnis ut ipsa","Molestiae ea dolor sed vel sed eius. Minima nesciunt ut voluptates sed. At minima numquam laborum qui.",56,163,planning,high,2025-04-02,
"sit natus non","Est ea veritatis omnis molestiae a quia commodi. Odit animi fugit atque. Ipsum sed delectus distinctio voluptatem.",13,25,completed,medium,2025-03-30,"2025-03-07 19:41:31"
"enim ea aliquid","Sint provident sequi enim nihil nihil impedit dolore. Est architecto hic at laborum repellat sint. Quia dolore aut sint harum ut rerum praesentium consequuntur.",7,24,completed,medium,2025-03-31,"2025-03-07 02:39:21"
"inventore architecto eius","Voluptates atque eius voluptatem sunt. Maxime dolores nobis ut iure doloremque enim voluptas molestiae. Voluptas quas sit aperiam adipisci.",1,45,cancelled,high,2025-03-28,
"non facere et","Error blanditiis est iusto ut voluptas. A maiores maxime modi iure. Neque magnam nihil vitae mollitia aut ipsa adipisci.",51,128,cancelled,high,2025-04-01,
"natus voluptas in","Et aut enim quae cupiditate quia est. At porro alias ut eum. Asperiores itaque ea et in sint odit quidem.",37,75,completed,critical,2025-03-31,"2025-03-12 22:54:55"
"ut incidunt laboriosam","Quasi et labore laborum architecto. Dolorum beatae dicta repudiandae et sapiente alias. Quod voluptatem fugiat incidunt est sapiente vel est.",83,6,cancelled,critical,2025-03-27,
"modi vel deserunt","Ut autem est consequatur magni. Eos necessitatibus nisi vitae totam. Id animi quis saepe sunt aspernatur.",18,169,cancelled,high,2025-04-03,
"molestiae laboriosam delectus","Et repellat quis voluptas natus. Ut omnis modi saepe et rem eligendi. Reiciendis porro adipisci expedita atque quaerat optio rerum.",31,15,on_hold,high,2025-04-01,
"placeat provident vel","Doloribus placeat nisi ea ab possimus. Voluptatum non sit dolores dolor. Ipsa quaerat ab molestiae accusamus quaerat laborum.",86,101,planning,low,2025-03-27,
"tempora saepe dolorum","Nihil corrupti aut optio quia perferendis eum. Sit et enim cumque facere. Voluptas fuga sunt itaque velit.",83,71,cancelled,high,2025-04-02,
"minima exercitationem distinctio","A earum dolores qui expedita sunt qui. Consequatur maiores eum eos voluptas. Et illum molestiae ad inventore harum aliquam minima.",83,61,planning,medium,2025-03-28,
"quibusdam quae fuga","Dolores architecto sunt earum quo inventore animi nam. Maxime recusandae possimus repellendus odio. Dolor repellat beatae quia in accusamus rerum ut.",29,193,on_hold,medium,2025-04-03,
"debitis in consequatur","Sed accusamus sit esse. Harum et in assumenda. Quo totam nam aperiam sit officiis quibusdam rerum.",75,37,completed,critical,2025-04-03,"2025-03-10 03:27:04"
"omnis voluptate tenetur","Maxime id eius recusandae quo dolore. Soluta accusantium vero repellendus corrupti corporis. Sunt non cupiditate voluptatem asperiores.",94,191,completed,low,2025-03-27,"2025-03-10 21:49:22"
"commodi error veritatis","Qui modi non unde quas. Hic fugiat enim voluptas quasi dolore. Aut sed rerum voluptate error provident.",10,92,in_progress,medium,2025-03-28,
"eaque voluptatem sit","Placeat dignissimos ducimus voluptatibus. Eos consequatur voluptas quam harum non. Et nostrum ea cumque et ut amet.",76,91,in_progress,critical,2025-03-31,
"inventore nulla sequi","Est et tempore minus. Est et explicabo corrupti hic sit. Dolores accusamus voluptas quis inventore exercitationem voluptate.",40,148,on_hold,low,2025-03-31,
"commodi maiores quia","Sit voluptatem dolor alias earum. Quas provident aut totam dolorem et. Consequatur id eligendi eum dolorum atque nulla.",3,56,planning,critical,2025-03-31,
"nihil deserunt dicta","Doloremque ea nihil impedit molestias distinctio laborum officia quo. Architecto sint quam et accusamus ratione et. Laboriosam id amet quia quod at sed exercitationem eveniet.",37,162,cancelled,medium,2025-03-30,
"perspiciatis inventore eos","Quia autem saepe in repellendus maxime. Beatae rerum est harum quos beatae neque et facere. Aut in qui et exercitationem ex omnis et et.",3,103,completed,critical,2025-03-30,"2025-03-13 12:04:43"
"sint facere repudiandae","Sed voluptatem consequuntur quisquam. Consequatur qui consequatur eum modi explicabo omnis. Veniam amet doloribus exercitationem omnis magni quaerat.",53,124,on_hold,medium,2025-04-01,
"dolores ad eveniet","Consectetur quis voluptatem qui eum dolores vel sit. Id in alias sed sequi nesciunt officiis. Suscipit ducimus laudantium esse commodi provident.",28,37,on_hold,critical,2025-03-28,
"natus tenetur quisquam","Assumenda est atque dolores incidunt aliquam sunt voluptatum eum. Aliquid laborum dolores vitae voluptatibus. Dolorum quas quae quibusdam.",30,57,planning,critical,2025-03-30,
"voluptates magnam incidunt","Reprehenderit sunt soluta saepe dolor delectus quod. Doloribus recusandae harum et non odio. Vero quisquam doloremque dignissimos cum neque quibusdam reiciendis.",19,88,cancelled,low,2025-03-28,
"impedit eos itaque","Quod eum sit ut. Praesentium omnis nobis dignissimos accusantium ut omnis eaque. Saepe quae est ipsa aperiam voluptas qui sed.",88,169,completed,medium,2025-03-30,"2025-03-13 05:18:02"
"dolores temporibus dolorem","Vitae corporis voluptas distinctio. Omnis consequatur dolorem sed explicabo ut et. Sint culpa accusamus suscipit eum consequuntur voluptates quisquam.",72,197,planning,low,2025-04-03,
"commodi unde dicta","Sunt necessitatibus quisquam non facere accusamus dolores. Vero ea optio ipsam corporis quis quam. Et explicabo omnis aliquid ut ex ipsa sunt iure.",56,36,in_progress,critical,2025-04-01,
"id aut et","Veniam dolorum reiciendis cum a minus labore ipsam voluptatum. Ut rerum suscipit sapiente nesciunt. Provident tempora blanditiis consequatur dignissimos est et nihil.",5,70,in_progress,low,2025-03-28,
"eius consequatur voluptas","Ab nisi ipsa atque culpa voluptatum. Eligendi deserunt et sunt aliquam quos culpa sequi. Ab voluptatem et qui.",34,82,completed,medium,2025-03-28,"2025-03-08 01:15:58"
"et accusantium quia","Sed consequatur consectetur inventore quae asperiores tempore. Distinctio incidunt iure itaque rerum eos facilis molestiae. Dolorem atque cupiditate iusto asperiores maiores.",49,2,on_hold,medium,2025-04-02,
"omnis et et","Id tempore aut debitis nesciunt. Totam aliquam aut aut ut maxime voluptatem illo. Nam quo nesciunt a.",42,50,in_progress,low,2025-03-29,
"et corrupti voluptatem","Pariatur sed eaque laboriosam ducimus eligendi. Omnis sunt harum aliquid ratione molestiae et. Nostrum quia vero id est aut.",88,120,planning,critical,2025-03-30,
"officia sequi ut","Incidunt et velit sit officiis. A ratione nam quae et voluptatem. Blanditiis rerum corrupti velit.",12,172,cancelled,high,2025-03-31,
"necessitatibus esse et","Debitis aut in consectetur ut perferendis velit distinctio mollitia. Facere placeat nihil quos harum reiciendis mollitia natus. Non sit nihil aut vel sint quod facilis.",12,139,planning,low,2025-03-29,
"cupiditate hic aut","Voluptatem quae enim ut laborum. Voluptatem numquam et voluptatem dolorem eius eligendi. Omnis sunt voluptatem et earum quasi sit aliquid.",83,73,completed,low,2025-04-02,"2025-03-12 23:32:48"
"nostrum perferendis ut","Libero autem eveniet qui a ut quia. Id ut velit ad quia. Veritatis dolorem nemo libero aut et.",91,49,in_progress,medium,2025-03-31,
"maxime cupiditate sit","Dolorum hic quibusdam nulla porro. Voluptatem maxime quo repellat est ut consequatur. Dolore porro doloribus rem cupiditate exercitationem.",67,56,on_hold,medium,2025-03-30,
"pariatur consequatur sit","Rem et perspiciatis in sed. Natus tempore et odio repellat. Neque expedita incidunt quibusdam aliquam deserunt.",11,77,planning,medium,2025-03-29,
"dolores quam nihil","Et blanditiis dolorum reiciendis porro unde. Eveniet omnis dolores omnis minus repellat qui est. Similique vero labore porro.",56,179,completed,low,2025-03-29,"2025-03-06 16:39:29"
"autem nihil deserunt","Voluptates quia voluptatem iste ratione natus explicabo qui. Sapiente maxime quia veniam rerum voluptate dolorem. Non suscipit rerum maiores adipisci eligendi rerum neque repudiandae.",3,169,in_progress,medium,2025-03-29,
"autem dolores molestiae","Et explicabo rerum rerum aliquid eligendi aut. Alias quam cumque dolorum veritatis eligendi veniam. Voluptatem consequatur rerum aut nulla qui sed eum.",70,50,completed,critical,2025-03-29,"2025-03-10 22:36:00"
"aut sit recusandae","In earum optio aut enim. Quo ut nobis facilis harum. Et voluptatem quae porro aut reprehenderit nobis est.",82,73,planning,medium,2025-03-31,
"consequatur ut praesentium","Velit perferendis aut cumque accusantium et quam. Delectus doloremque deleniti aliquid provident. Ex impedit odit sunt reprehenderit quibusdam quo repudiandae.",64,20,cancelled,critical,2025-03-31,
"laboriosam facere et","Voluptates quia consequatur hic temporibus quia sint eum adipisci. Suscipit autem perferendis qui sapiente vitae. Enim dolores exercitationem fugit nihil.",29,8,completed,critical,2025-04-02,"2025-03-09 12:24:13"
"possimus nihil et","Nobis sint magnam nobis adipisci earum aut ut. Deleniti quaerat ducimus esse rem odio minus. Ut aut soluta ab illum quaerat.",90,19,on_hold,medium,2025-03-28,
"perspiciatis nisi atque","Qui id aut non voluptas. Perspiciatis ipsum nam eum excepturi itaque. Officiis ea ea provident inventore distinctio optio.",62,153,in_progress,low,2025-03-28,
"pariatur eum dolore","Quibusdam aut quis aspernatur at quia. Repellendus eveniet illo voluptatibus natus. Doloremque ea sit et sit minus aliquid.",47,101,on_hold,low,2025-04-01,
"possimus id tenetur","Eos totam pariatur quisquam velit odio cumque minima et. Sint rerum sunt esse ea tempora maiores perferendis. Sint aut et tempore quis voluptatibus.",94,108,planning,high,2025-04-01,
"vel laborum praesentium","Ipsam adipisci non quasi veritatis. Voluptatem optio eligendi voluptatem nihil aut soluta dolorum nihil. Id in sapiente assumenda rerum.",94,3,cancelled,high,2025-03-29,
"delectus eum ea","Sed ex aut est molestias eius qui. Voluptatum magni corrupti voluptatem. Consectetur perferendis accusamus officia soluta at magni dolorum.",73,114,planning,medium,2025-03-28,
"non in ut","Voluptas ducimus alias velit dolor dignissimos aut quia. Rem in qui occaecati harum. Dolorem asperiores aut et excepturi ut eos.",89,62,in_progress,medium,2025-03-27,
"est qui sed","Quia nulla dolorum deserunt. Quis in ea sed quaerat quia quia natus. Et quae velit et et esse.",82,197,on_hold,high,2025-04-03,
"perspiciatis placeat aut","Et exercitationem quasi aut quia sint ea. Adipisci cumque aut assumenda quod. Autem cumque eligendi et sit.",34,37,in_progress,low,2025-03-29,
"similique iusto rerum","Veniam sit occaecati officiis incidunt voluptatem consectetur saepe. In eius ad dolorum saepe. Aut iure dignissimos est sed.",28,71,completed,low,2025-04-01,"2025-03-12 17:33:28"
"delectus fuga incidunt","Et laborum vel ut soluta. Placeat deleniti sint sapiente ut. Nihil aliquam quis in in itaque non.",33,25,completed,medium,2025-03-27,"2025-03-09 22:28:44"
"facilis nam et","Accusamus quod animi veritatis enim. Possimus ullam corrupti aut aut suscipit vitae tempora. In occaecati incidunt enim ut tempore voluptatem ex.",50,130,cancelled,critical,2025-04-01,
"accusamus quas ipsum","Asperiores quaerat mollitia eaque esse quibusdam. Occaecati suscipit quae est. Tempora et deserunt repudiandae ipsa officia dicta mollitia.",84,200,on_hold,high,2025-04-02,
"repellendus ratione omnis","Quidem et voluptatem aliquam dolor dolore. At laboriosam suscipit asperiores non. Repudiandae quae et voluptatum reprehenderit.",24,70,in_progress,medium,2025-03-27,
"rerum optio nostrum","Aliquid ad minus impedit numquam est aut minima. Rerum eos et et. Iusto voluptatem ipsum est dolorem eaque magnam vel.",71,137,in_progress,low,2025-04-01,
"temporibus ut ut","Dolorum aliquam veniam quod veritatis. Illo labore nisi ipsam eius ea aut saepe adipisci. Praesentium quaerat soluta quis est.",81,5,completed,medium,2025-03-28,"2025-03-06 21:05:11"
"et quia voluptas","Esse doloremque ullam vel quae. Suscipit eum qui est ratione facere officiis sed. Id sint esse numquam quo autem autem id doloremque.",37,117,on_hold,medium,2025-03-31,
"dolorum voluptate vel","Mollitia ab in officia nesciunt. Non quos qui et. Quis et consequuntur rerum repellendus sed aut.",98,67,completed,critical,2025-03-29,"2025-03-06 16:57:22"
"sit est nihil","Accusantium qui consequatur est ut doloremque sit. Atque qui et qui est est ut est. Nam quo enim non.",18,196,completed,low,2025-03-28,"2025-03-07 19:50:28"
"et quasi sunt","Fuga praesentium nisi quibusdam quisquam ea eos. Aperiam explicabo perferendis ipsum minima sunt quia ut hic. Quibusdam velit cumque incidunt.",34,142,completed,critical,2025-03-29,"2025-03-12 22:53:15"
"hic laborum reprehenderit","Nulla odio veniam et quae dolor molestias tempore. Eveniet pariatur sit ratione quaerat quasi recusandae. Quo eum odio saepe voluptates dolore est et.",64,15,on_hold,low,2025-03-31,
"vel placeat est","Error et quidem et nam et. Sit quia illum vero aut quam architecto. Labore aut optio commodi.",80,134,in_progress,critical,2025-03-29,
"eos omnis aut","Nam iure velit soluta fuga rem iste. Sed consequuntur dignissimos quae animi. Est maiores porro sequi nihil quos.",14,54,planning,critical,2025-03-31,
"omnis consectetur dolor","Qui sit quia repudiandae non nulla qui. Id dolorum veritatis optio aspernatur quia est. Sequi illo qui libero ut cupiditate quas.",100,126,on_hold,critical,2025-03-27,
"ea harum ducimus","Repellat et quis incidunt maiores sit porro enim. Quibusdam adipisci neque nesciunt at vero sapiente. Voluptatem officiis perspiciatis non tenetur pariatur eum modi.",17,177,on_hold,high,2025-04-02,
"et praesentium distinctio","Est quidem minus amet rerum. Nisi est impedit et ut perspiciatis laudantium assumenda. Molestiae minus autem architecto velit id perspiciatis culpa.",7,57,in_progress,medium,2025-03-30,
"molestias asperiores eos","A dolores nulla vitae sint blanditiis blanditiis. Dolorem debitis hic ut itaque natus alias doloribus. Eum et maiores officiis molestiae placeat.",84,58,on_hold,low,2025-04-02,
"aut qui omnis","Explicabo officiis quo est saepe non non. Eligendi maiores assumenda et aut et repellat ratione. Enim provident rerum animi quia id.",82,126,cancelled,critical,2025-03-28,
"quis iste magni","Ea voluptatibus adipisci iste sed autem nobis accusamus rerum. Culpa velit quae inventore optio quam impedit sit. Est rem libero perferendis sint corporis.",34,178,completed,critical,2025-03-30,"2025-03-13 05:30:55"
"qui iste doloremque","Qui minima aut consectetur vero. Facere dignissimos asperiores voluptas et velit. Vitae excepturi sint voluptatem molestiae modi recusandae.",14,93,on_hold,medium,2025-04-03,
"ex qui repellendus","Eos soluta fugit saepe perspiciatis repellendus odio est. Error quibusdam qui amet facere. Rerum molestiae deserunt velit ut iure porro.",69,155,planning,critical,2025-03-31,
"culpa temporibus aperiam","Repellat sit veritatis et eius non aut. Repudiandae nobis dolor reiciendis nisi aspernatur doloremque aut. Impedit voluptate sint reprehenderit tempore est est enim.",95,29,planning,critical,2025-03-30,
"ipsum voluptates sit","Voluptatum sint molestiae aliquid quasi ipsa vero omnis. Id molestias esse rerum tempore quam. Sapiente quo quam asperiores.",9,152,on_hold,critical,2025-04-01,
"ipsa in deserunt","Vel optio et dolorem tempore. Sed maxime et voluptatem eum. Et est aliquid animi ullam.",87,57,on_hold,medium,2025-04-02,
"ipsam velit et","Dolores reiciendis officiis corrupti vero voluptas maxime. Odit repudiandae cupiditate in sed voluptas magni accusamus. Ut voluptatem labore quidem nam et.",22,67,cancelled,critical,2025-03-29,
"reprehenderit facilis qui","Et in quia et dicta rerum unde. Veritatis atque quas ut quas cumque. Ut impedit nulla officiis earum nemo voluptate fugit repellat.",90,30,planning,low,2025-03-29,
"fugiat alias facilis","Dolor suscipit iste et omnis. Temporibus asperiores consequatur quasi consequatur voluptatibus. Et voluptatem et cumque eos.",22,147,on_hold,critical,2025-03-30,
"totam a labore","Molestias eligendi nam amet accusamus eaque. Voluptas et sunt ratione facere non ea qui in. Non nisi qui laborum dolorem.",12,46,on_hold,high,2025-03-28,
"qui quibusdam nihil","Et ipsum voluptatem dolorum temporibus consequuntur perferendis expedita alias. Eveniet debitis nisi doloremque quae et velit. Sed architecto sunt esse corporis explicabo id vel eligendi.",62,124,planning,medium,2025-04-03,
"hic provident maxime","Beatae enim possimus ratione aliquid. Eum iusto voluptas sed maxime molestiae. Qui sint ipsam earum molestias nobis nisi.",79,89,planning,critical,2025-03-27,
"id natus quisquam","Quia est laboriosam eos nam earum iste. Pariatur ut eum laborum qui. Aut natus aliquam ut distinctio excepturi nulla et.",33,61,in_progress,critical,2025-03-28,
"maiores ab nam","Impedit necessitatibus occaecati voluptatem velit earum quo. Et officia qui odio repellendus rerum sit aut et. Consequuntur delectus deserunt molestias sint.",53,132,planning,medium,2025-04-01,
"esse minima laboriosam","Ipsam amet consequuntur voluptatem officiis ullam quis et. Aliquam voluptatum ipsa libero soluta est. Harum accusantium et voluptatem delectus quos tenetur.",4,36,completed,low,2025-03-28,"2025-03-13 06:40:14"
"et consequatur sapiente","Eveniet provident optio deleniti molestiae esse molestiae id occaecati. Quis odit reprehenderit esse quibusdam. Ipsa fuga quis quaerat est aliquid minima.",64,196,in_progress,critical,2025-03-31,
"eos dolor cumque","Suscipit deserunt nesciunt consectetur fugit odio autem placeat. At enim quibusdam fugit esse corrupti culpa in. Aperiam aut aut esse.",35,59,in_progress,medium,2025-03-27,
"nihil quos dolor","Qui dicta corrupti quia nihil expedita. Ipsum facilis at optio fuga. Dolorem libero pariatur excepturi totam iure sit eos.",71,16,completed,medium,2025-03-28,"2025-03-10 15:38:46"
"accusamus qui inventore","Unde inventore impedit sint aut labore nemo quisquam voluptate. Et dicta rerum sunt perspiciatis rem expedita autem quibusdam. Suscipit qui eos et voluptatem et consectetur.",100,57,on_hold,medium,2025-03-28,
"placeat unde amet","Quibusdam non quam quae modi. Animi iusto hic sit sit aut mollitia vero. Molestiae sit est impedit fugit qui et odit illo.",66,198,on_hold,high,2025-04-02,
"cum quis asperiores","Eos voluptatem aut deleniti aut. Laborum animi ut qui quo nesciunt. Dolorum odit aut aperiam accusantium quia architecto quia.",95,7,on_hold,medium,2025-03-27,
"expedita quia earum","Qui recusandae voluptas voluptate aut ut ut iusto. Et aut aliquid mollitia commodi ut. Ex pariatur repudiandae molestiae est.",24,168,planning,high,2025-04-03,
"recusandae perferendis voluptates","Distinctio doloribus et quaerat animi aut vero natus. Enim nesciunt autem et est voluptatum consequatur officiis. Dignissimos sunt dolorem expedita quam in.",97,113,completed,medium,2025-04-02,"2025-03-12 09:51:23"
"magnam minus officia","Libero sit necessitatibus est. Nemo iste repudiandae aliquam sed non. Qui ut temporibus voluptatem distinctio.",57,77,cancelled,low,2025-03-28,
"tempora alias consequuntur","Id sunt in quidem quaerat alias. Quae assumenda et impedit. Nihil aut nostrum hic libero eveniet cumque.",67,107,in_progress,medium,2025-04-02,
"dolorem sed atque","Non fugit et neque est molestiae nisi non. Ex deleniti eos mollitia eligendi debitis ipsam dolor. Placeat rerum mollitia unde totam maxime.",88,124,on_hold,medium,2025-03-31,
"corrupti nihil recusandae","Quisquam non expedita assumenda odio saepe sapiente labore. Qui recusandae tempora amet nesciunt accusamus explicabo eligendi. Eaque fugiat accusamus at deserunt.",87,169,on_hold,critical,2025-03-28,
"autem soluta aut","Ad sint praesentium voluptatibus. Possimus nisi ipsum quas est quaerat. Quam nisi similique eum velit exercitationem.",89,198,on_hold,medium,2025-03-30,
"omnis recusandae eaque","Dicta corporis amet sed consequatur consequatur accusamus asperiores. Dolorum laudantium sed voluptatem beatae praesentium esse quis. Et natus quia et atque unde.",45,7,on_hold,low,2025-04-01,
"reiciendis debitis aut","Esse voluptatem itaque quo corrupti quaerat soluta tempore delectus. Perferendis adipisci eos aut fugiat. Molestiae impedit nihil dolorem quas et.",52,152,cancelled,critical,2025-03-30,
"sit dolorem explicabo","Labore qui perferendis blanditiis voluptas cumque accusamus. Magni quos itaque iure sequi ipsam. Ut aut quibusdam quia.",94,197,cancelled,critical,2025-03-29,
"et ut eos","Et aliquam autem dicta eos modi animi qui expedita. Et id ut voluptatem officia ipsum. Sed sunt iusto minus similique odit.",92,132,completed,high,2025-03-29,"2025-03-12 13:19:58"
"voluptate sequi delectus","Inventore magnam vel non delectus enim dolor omnis. Sed sed animi vitae perspiciatis maxime eos. Doloribus est aliquid explicabo ex et sint.",95,166,planning,medium,2025-04-03,
"vel consequatur dicta","Nobis ullam cupiditate itaque ipsum libero cum est omnis. Sed distinctio id id aliquam deserunt. Est commodi quis voluptas et ut.",100,136,planning,medium,2025-03-29,
"et cupiditate cumque","Vero et voluptas vitae sed aut. Et harum ea ut adipisci doloremque numquam esse. Distinctio laborum soluta ut magni quas atque aliquid.",3,43,completed,medium,2025-03-29,"2025-03-12 06:45:18"
"quia dolorem quisquam","Dolor quam nemo expedita repellendus aut molestias repellendus. Aut magnam facere recusandae et porro voluptatibus. Inventore aut cumque veniam quo neque.",47,10,planning,critical,2025-03-30,
"omnis voluptatem harum","Eos qui aliquam nemo suscipit. Id est sunt quam. Porro eos error assumenda.",76,157,completed,critical,2025-04-03,"2025-03-10 12:27:02"
"temporibus consequuntur tempore","Et dolorem sed alias ea. Quis at sunt officiis corporis. Pariatur nisi hic qui ducimus dignissimos eos quas.",18,4,completed,critical,2025-03-29,"2025-03-10 16:34:16"
"molestiae ea nihil","Ullam rerum animi facilis quia sed quae eaque suscipit. Aut autem qui at pariatur magni. Voluptatem deserunt maiores totam unde esse et eligendi.",14,99,cancelled,critical,2025-03-31,
"libero ipsa nulla","Tempora voluptatem pariatur aut quae animi ut aspernatur. Sit facilis eius accusantium expedita voluptate. Consequatur a delectus molestiae ratione aut eos.",87,176,planning,low,2025-03-28,
"totam ut itaque","Ut officiis est reprehenderit nobis aut quo eaque. Animi quia quia similique velit rerum ipsa porro ducimus. Ipsam qui doloribus molestiae.",20,18,cancelled,low,2025-04-02,
"omnis quia dolores","Atque et consequatur omnis fugit. Saepe necessitatibus dolores rerum molestias quas consequatur quod. Eum aut magni quia qui earum.",93,136,on_hold,critical,2025-03-30,
"ea et a","Similique est iure reprehenderit amet est. Assumenda in voluptas tenetur commodi. Eligendi sunt mollitia rerum quo.",95,93,cancelled,medium,2025-03-29,
"ex quasi minima","Beatae consequatur assumenda rerum ut quia repellendus dolores quod. Voluptatem qui iure minima nesciunt. Impedit tempora ea praesentium reprehenderit.",36,83,planning,high,2025-03-28,
"modi suscipit porro","Ut nam molestias molestias voluptas similique non. Et maiores fugit ut incidunt sed modi. Quia voluptas necessitatibus mollitia molestiae eveniet.",93,153,completed,high,2025-04-03,"2025-03-10 23:34:11"
"vel totam nemo","Et maxime earum laborum. Non expedita itaque doloremque explicabo inventore magnam recusandae magnam. Qui nihil doloremque velit numquam laudantium odio.",90,131,completed,medium,2025-03-28,"2025-03-07 16:58:14"
"corrupti est hic","Magni aut quasi cum totam quibusdam nobis rem. Autem est quae sint a asperiores repellat necessitatibus. Possimus totam deleniti similique ipsa dignissimos ab voluptates.",9,106,completed,low,2025-03-30,"2025-03-13 11:01:21"
"quas nulla deleniti","Et et delectus commodi dolorem ad sit doloremque rerum. Quisquam ea non in iusto nisi asperiores. Nobis dolores numquam sequi vero perspiciatis.",55,25,completed,high,2025-04-01,"2025-03-10 15:54:35"
"ut voluptas magni","Assumenda voluptatem ut et aut ut. Qui ex eligendi sit omnis maiores. Laboriosam ut et possimus deleniti aut alias consequatur.",99,71,cancelled,low,2025-03-29,
"quia aut quos","In voluptatem aut sunt sit quos magni impedit. Est natus et quia. Autem iure rerum nostrum voluptatibus et.",94,176,in_progress,medium,2025-04-03,
"sint suscipit enim","Itaque laborum animi eius soluta libero quibusdam dolor. Sit dolor quia est sunt. Id distinctio quasi fugit sed sequi.",86,75,on_hold,high,2025-03-28,
"consequatur aliquid at","Iusto tempore nihil voluptatem. Laudantium ea voluptatem quia cupiditate et aut minima minima. Quis eligendi qui doloribus repellat omnis.",60,16,completed,critical,2025-03-29,"2025-03-06 21:52:36"
"ratione id culpa","Voluptates est et optio et tempora eaque et. Eligendi laboriosam possimus modi voluptatem est dolore. Occaecati reprehenderit cupiditate qui quisquam blanditiis.",35,109,in_progress,low,2025-04-01,
"molestiae minima delectus","Voluptas ut ratione et ipsa numquam id corporis. Sit natus aliquid ea aspernatur distinctio deleniti. Facilis illum veritatis illum aut distinctio eos.",88,137,planning,critical,2025-03-29,
"consequatur voluptas accusantium","In non nihil rerum quia. Esse earum animi minima qui quidem facere quis. Commodi architecto alias exercitationem autem aut hic accusantium.",66,95,in_progress,low,2025-04-03,
"et repudiandae ex","Quo voluptatem eos illum molestias earum id quia. Suscipit ducimus ullam maiores omnis quo. In voluptatem pariatur natus consequatur cupiditate deserunt assumenda id.",68,9,on_hold,low,2025-04-01,
"officiis iure vel","Voluptatum beatae et quos ut cum nesciunt. Laboriosam officia debitis asperiores molestias fugit quod officia. Dolore omnis quia eius et aut atque.",85,200,planning,medium,2025-03-29,
"nostrum repellat explicabo","Enim quaerat dignissimos adipisci nam est. Eum mollitia repellendus est atque ducimus. Ea aut qui illo molestias rerum ipsa alias excepturi.",52,162,on_hold,low,2025-03-31,
"qui quasi et","Voluptatem quam explicabo expedita vel. Ut dolores expedita soluta qui veritatis. Laborum quod corrupti voluptatem ut doloremque repellendus.",55,93,cancelled,low,2025-04-01,
"illo laboriosam earum","Quia officia ut quasi. Sit rerum explicabo porro quas modi nobis. Sed eos enim autem ullam consequatur.",60,171,on_hold,high,2025-03-29,
"distinctio quibusdam totam","Voluptas magni ut ducimus mollitia vero nihil iste dolor. Cumque sint culpa est quod eius. Reiciendis consequatur ab et laborum voluptas excepturi sint.",11,139,planning,critical,2025-03-30,
"eveniet eveniet officiis","Similique fuga optio velit et repellat. Asperiores veniam tenetur ducimus expedita quaerat. Esse laboriosam possimus omnis quae quam et qui.",39,60,completed,critical,2025-03-27,"2025-03-11 23:20:48"
"quaerat ex eius","Tenetur odio ut in enim et neque quasi. Qui perferendis voluptas consequuntur consequatur accusantium maxime voluptas. Voluptatibus qui et mollitia.",92,57,on_hold,low,2025-03-28,
"voluptas nobis suscipit","Est labore voluptas eaque et. Quidem quisquam dolorem laboriosam quis in reprehenderit et et. Voluptatibus modi adipisci in sit ut doloribus.",30,184,planning,high,2025-03-28,
"quidem aut accusantium","Impedit exercitationem dolor atque ullam. Voluptates sunt sit reprehenderit sed. Voluptas sunt voluptatem minima voluptas nostrum dolores est.",86,88,planning,low,2025-03-29,
"animi quam sint","Laborum aut voluptate distinctio perferendis est sint aperiam. Provident porro provident voluptate culpa esse deleniti ipsam. Aliquid id iure a quo quo nostrum magni.",84,38,completed,medium,2025-03-29,"2025-03-07 10:34:05"
"quas nihil ab","Doloribus labore quod qui consequatur ipsum qui labore. Quod aut in tempore sit sit excepturi amet. Iusto ut odit ea illo dolores consequuntur.",24,121,in_progress,low,2025-03-30,
"cumque et id","Molestiae corrupti eligendi quis soluta voluptas. Voluptas dolorum in temporibus possimus natus minus magni. Excepturi nihil perspiciatis vitae et.",14,30,planning,medium,2025-04-01,
"dolorum excepturi animi","Qui cum quo magnam vero eaque eos nam necessitatibus. Magni placeat et velit consequatur pariatur et deserunt. Consectetur occaecati fuga quia.",64,1,on_hold,high,2025-03-28,
"ipsum debitis doloribus","Enim vel labore iste qui eius at voluptas. Optio molestias repudiandae quam autem praesentium. Omnis voluptas nobis dolor fugit temporibus.",33,15,on_hold,high,2025-03-31,
"sequi perspiciatis id","Qui perferendis doloribus distinctio deserunt hic. Earum dolor nihil et qui. Ex libero quas sed dolores quia.",47,6,planning,low,2025-03-30,
"dolorem doloribus ipsum","Facilis officia iusto autem deleniti non possimus omnis. Voluptatem consequatur doloribus libero officiis. Et hic quia officiis veniam sint tempora.",32,79,on_hold,high,2025-03-30,
"nisi dolores illo","Qui consequatur voluptatem aut quaerat rerum. Odio nulla dolor dolores repellat veritatis quae dolorem dolores. Deserunt minus labore adipisci aut exercitationem.",100,9,cancelled,low,2025-03-30,
"minima at consequatur","Error vitae nemo sapiente laboriosam corrupti soluta. Cupiditate est aut rerum dolore et nobis temporibus. Temporibus tenetur fuga cupiditate nihil nam molestiae cupiditate nisi.",69,79,cancelled,low,2025-03-29,
"nihil consequatur odio","Minima quam sunt voluptatibus ea rerum. Nobis non nihil a odit. Vel id animi excepturi quia perspiciatis ut maiores soluta.",29,37,cancelled,low,2025-03-30,
"in cum cumque","Ipsam non quia alias est vel harum. Perferendis dolores at provident quidem ex dicta. Facilis eum ad asperiores reprehenderit placeat fugiat.",24,104,planning,high,2025-03-28,
"aut et earum","Voluptatem molestiae voluptas blanditiis debitis eum autem hic. Necessitatibus dolor ea dolore numquam. Debitis minima molestiae eligendi.",76,80,cancelled,high,2025-03-29,
"delectus eum et","Autem ducimus aliquid est nobis. Cumque non et maiores aut sed quas recusandae. Magnam quibusdam qui ut libero.",13,176,on_hold,low,2025-03-30,
"dolore dolor voluptatibus","Quibusdam voluptas aspernatur laborum nisi. Esse eum amet nemo rerum saepe quo culpa. Doloremque doloremque cumque exercitationem qui.",81,49,in_progress,low,2025-03-31,
"necessitatibus dolorem doloremque","Cumque sapiente qui sunt sed. In autem enim excepturi sequi harum qui nesciunt. Doloribus facere nemo id id quisquam id.",6,54,cancelled,medium,2025-03-28,
"laboriosam velit suscipit","Placeat repellat non optio a qui. Molestiae aspernatur occaecati officia placeat et ut enim. Aperiam voluptatem similique explicabo ex sit explicabo.",74,87,completed,high,2025-03-30,"2025-03-11 06:46:41"
"sint consequuntur assumenda","Quo voluptas distinctio qui sed sit aut. Ut numquam itaque aut dolor similique. Accusantium quo perferendis quasi officiis illo odio possimus.",25,169,in_progress,high,2025-03-29,
"sunt incidunt quis","Aut blanditiis perspiciatis delectus dolorum. Nihil quia ullam officia excepturi. Ea repudiandae distinctio qui omnis dolores et est quod.",11,126,completed,critical,2025-03-30,"2025-03-06 21:32:59"
"et quasi odio","Officia rerum delectus aliquid quo amet reiciendis eveniet itaque. Voluptatem quod dolorum exercitationem ducimus consequuntur. Est delectus quo quisquam eos consequuntur.",74,96,on_hold,high,2025-03-28,
"rerum temporibus et","Non porro iste voluptatum perferendis quaerat optio. Magni ipsam magni nulla vel vero corrupti. Molestiae eaque sed sed et consequatur deserunt iusto tenetur.",97,143,in_progress,medium,2025-04-03,
"vel dolores architecto","Debitis id itaque sint hic. Neque doloremque voluptatum sit repellendus saepe. Non provident quae nisi velit totam omnis.",5,45,completed,high,2025-03-28,"2025-03-10 12:49:21"
"recusandae vel veritatis","Unde amet vero omnis iure itaque. Tenetur dolorum dolores sint pariatur voluptatem sit mollitia. Rerum rerum ullam deleniti molestias esse eius cumque.",58,63,planning,medium,2025-03-31,
"rerum aliquid rem","Voluptatem laudantium debitis quas aut ut vel laboriosam. Sint officia sit nesciunt natus nemo sunt. Mollitia odit nihil odit consectetur quis.",45,117,on_hold,low,2025-03-31,
"ab quia inventore","Consectetur enim eos maiores expedita quia voluptas. Cum labore doloribus alias non. Laudantium eum harum sed aliquid nesciunt.",93,8,completed,high,2025-03-30,"2025-03-10 00:55:28"
"tenetur aut aut","Eaque blanditiis accusantium voluptates rerum autem temporibus dignissimos. Suscipit tenetur aperiam blanditiis. Recusandae sit eveniet est corrupti.",63,39,on_hold,low,2025-04-01,
"accusantium quia magnam","Autem aut aut qui earum quis. Consequatur odio dolore enim dicta architecto blanditiis architecto. Ut doloremque enim magni sit adipisci.",66,16,cancelled,critical,2025-03-28,
"reprehenderit earum qui","Pariatur magni nam quas consequatur corrupti quo dolores. Et voluptates culpa occaecati tempora quidem. Quis est quaerat ad qui porro voluptatem consequatur qui.",73,167,on_hold,critical,2025-04-03,
"dicta dignissimos quis","Provident illum perferendis voluptate et. Exercitationem voluptate enim quia atque. Velit similique non sunt animi et reprehenderit rerum neque.",5,64,on_hold,critical,2025-04-02,
"consequatur illum officia","Totam assumenda magnam illum ab possimus corrupti. Exercitationem explicabo iure corporis. Modi deleniti in nobis eum dolore amet iure numquam.",49,118,completed,medium,2025-03-30,"2025-03-06 18:02:16"
"est ab et","Porro aut rerum sint hic similique. Autem beatae voluptas aut quibusdam necessitatibus. Quas sunt sunt ut recusandae voluptatum.",3,43,on_hold,high,2025-03-29,
"qui voluptas non","Dicta in repudiandae deserunt atque consequatur voluptas. Magni dicta non vero dolor ut. Facere expedita mollitia excepturi ab ex porro.",58,75,planning,low,2025-03-29,
"eum quod dolore","Sint quia quis quia odit. Qui nesciunt excepturi voluptas at assumenda non. Sed consequuntur officiis similique dolore sit est aperiam repellendus.",38,15,on_hold,high,2025-03-31,
"cupiditate qui atque","Quam fuga voluptas et delectus soluta voluptatem. Aut ducimus ea libero deserunt fuga. Quod delectus aspernatur iure et.",98,25,on_hold,medium,2025-03-30,
"numquam incidunt quod","Nobis totam laboriosam doloremque voluptates. Magni illo nam vero ut eius. Exercitationem non doloribus harum aspernatur suscipit quaerat asperiores.",9,133,planning,low,2025-03-28,
"et mollitia quasi","Quia et ratione ipsa quo quos et doloribus. Rerum ad minus odio magnam voluptatem. Quasi illum tempora corporis ut.",2,147,planning,critical,2025-03-30,
"quo non eius","Blanditiis architecto ullam modi magnam veniam nisi. Enim fuga ut et omnis voluptas voluptate. Velit molestiae dolores rerum et ut unde.",91,6,planning,high,2025-03-29,
"aperiam doloremque tempora","Assumenda vitae vel mollitia voluptates ipsum magnam. Ducimus debitis laborum tempora itaque rerum dolores. Tenetur vel enim dolores sint odit pariatur voluptatem.",42,147,in_progress,low,2025-03-30,
"ut omnis doloribus","Dolorem odit deleniti cum placeat eaque esse. Voluptas qui voluptate harum sit illum reiciendis. Vel saepe vel maxime.",30,41,on_hold,critical,2025-03-27,
"occaecati sit sit","Cumque optio id pariatur est qui aliquid odio. Nihil aut animi dicta ut dolores qui dolor suscipit. Dolorem ut eos dolore.",100,121,on_hold,medium,2025-03-31,
"sint sunt minima","Temporibus rem ipsam nisi fugiat provident. Enim ullam ducimus maiores dolor. Excepturi neque nesciunt quo quae hic quae.",42,78,cancelled,low,2025-03-27,
"tempore iure accusamus","Maxime quis quis autem ut inventore cumque. Ex est consectetur voluptas maiores ea dolores et. Et error expedita quibusdam deserunt eius fugit officia.",82,127,in_progress,high,2025-04-02,
"nostrum ea fugit","Libero cumque quis natus eius culpa rerum. Saepe aut neque quia et et. Magni eius hic sunt rerum.",11,78,in_progress,low,2025-03-31,
"inventore nesciunt magnam","Aut soluta non et dolorem. Minima eveniet commodi sint assumenda qui et recusandae. Sunt nostrum sunt ducimus repellat vero optio voluptatem.",92,123,planning,low,2025-03-28,
"odit alias ipsum","Placeat eius ducimus numquam. Consequatur error sunt dolorem fuga praesentium laboriosam sunt aut. Rerum dolor aspernatur impedit.",61,162,planning,high,2025-03-28,
"sequi pariatur pariatur","Minima in sint ut voluptates soluta cupiditate iste eius. Eaque dolor voluptatem nam. Quas corrupti sint quia aspernatur fugit exercitationem.",97,187,on_hold,medium,2025-03-27,
"accusantium et illo","Dolor ut qui iure minus. Sint maxime aut et animi omnis quam assumenda aliquid. Qui consequatur eos cupiditate quisquam.",42,164,planning,critical,2025-04-02,
"commodi corrupti molestiae","Beatae et odit aliquam quod. Consectetur magnam eaque non voluptatum est molestiae sed. Corporis aut repellendus quam maiores saepe.",68,144,planning,critical,2025-04-02,
"fuga illo minima","Fugiat sunt similique sit beatae. Nobis commodi labore doloribus. Amet et eos dignissimos incidunt exercitationem.",30,147,cancelled,medium,2025-03-29,
"qui odio quia","Dignissimos dolor dolorem rerum reiciendis. Qui est aut dolores impedit. Voluptates aut sunt aut odio.",100,31,cancelled,high,2025-03-29,
"eius corrupti praesentium","Voluptatem in laboriosam aspernatur maxime voluptas quod molestias sequi. Est ut earum reprehenderit necessitatibus aut dolor. Mollitia consequatur quae ipsum voluptatem voluptas autem ipsum.",80,189,in_progress,low,2025-04-02,
"suscipit consequatur ut","Soluta dolor deserunt eligendi necessitatibus vel. A fugiat qui recusandae fuga qui aperiam cupiditate. In voluptas vel velit omnis ut.",38,119,on_hold,critical,2025-04-02,
"sed repudiandae quia","Et voluptas corporis aut ratione ad vero. Ut minus rerum voluptas aut ut dolores. Aut dolorum ipsum repudiandae quibusdam earum temporibus.",93,127,on_hold,medium,2025-04-03,
"inventore illo alias","Sint dolorem commodi odio. Nostrum impedit suscipit vitae ad. Labore nihil vel veniam omnis.",94,121,planning,low,2025-03-31,
"a minus nihil","Iusto illo ea sequi ullam officiis corporis. Dolores deserunt amet odit numquam enim quo. Aut consequuntur maxime sit ducimus qui qui.",38,54,planning,critical,2025-03-29,
"similique dolorem similique","Officia voluptatibus quod aspernatur dolores. Enim laboriosam maiores debitis ducimus. Dolor tempore natus quidem sequi odio fugiat.",23,2,planning,low,2025-03-29,
"et quae fugit","Iste suscipit ea qui. Numquam ipsam quisquam impedit dolor molestiae qui aut. Eum quia consequatur et consequatur voluptatem.",26,188,cancelled,low,2025-03-29,
"omnis vel debitis","Eos unde laborum suscipit. Illo sunt quia labore ea a quos illo quis. Delectus et voluptatum sint inventore voluptatem a.",14,64,planning,high,2025-03-29,
"ullam illum qui","Eveniet facere sed deleniti et cum qui. Quia blanditiis ab exercitationem est. Voluptatum odit quia aspernatur occaecati at et tempore.",6,175,cancelled,high,2025-03-29,
"cumque fugiat dicta","Id deleniti quod facilis illo corporis. Nobis voluptate velit blanditiis architecto rerum quod. Minima aut inventore beatae culpa deleniti voluptas nihil perferendis.",42,23,planning,low,2025-04-01,
"expedita quia voluptatem","Ullam impedit fugit repellendus ut repellendus magni. Quam qui blanditiis quam et. Natus nostrum vero odit aut voluptas et.",16,107,on_hold,high,2025-03-31,
"inventore quis dolorum","Facere atque corrupti asperiores qui veritatis rerum quis. Consequatur exercitationem debitis labore qui et similique dolorem. Voluptatem deleniti culpa et voluptatem iusto dolores.",42,194,on_hold,medium,2025-03-29,
"quia porro qui","Et sit sit in. Voluptatem repudiandae id laboriosam. Unde et aut consectetur maiores et.",47,71,cancelled,low,2025-03-30,
"inventore officiis sed","Sapiente aut aut alias voluptatem rem. Accusamus perferendis eos id porro harum. Eaque sunt veritatis autem.",2,38,completed,critical,2025-03-30,"2025-03-12 01:19:39"
"dolorum ut earum","Nam omnis nobis deleniti doloribus. Quis recusandae et dicta magnam vel nobis qui. Et nihil inventore vero voluptatum consequatur id.",40,121,on_hold,high,2025-03-30,
"eos officiis aut","Aut ut expedita consequatur explicabo deleniti aut. Sunt recusandae accusantium qui totam. Dolor magni aut necessitatibus quia fugit at.",98,40,cancelled,medium,2025-04-02,
"mollitia eum doloremque","Voluptas id blanditiis est similique et dicta. Esse incidunt natus vel nisi aut eum dicta. Voluptatem est ut optio sint eum sint eum.",53,57,planning,low,2025-03-28,
"vel nesciunt fuga","Quod quae dolorem unde in voluptatem voluptas voluptatem. Amet magni hic earum commodi eveniet vero enim omnis. Suscipit reprehenderit odio maxime blanditiis pariatur.",25,159,in_progress,medium,2025-04-02,
"in impedit qui","Deserunt voluptas laudantium aut at explicabo eos dolor molestiae. Id quos distinctio debitis repellendus. Distinctio voluptas ea consequuntur neque velit omnis accusamus.",33,181,in_progress,high,2025-03-29,
"dolores quasi minima","Et earum aut esse perspiciatis. Molestiae architecto rerum eum ut deleniti non. Voluptas ad soluta voluptatem.",96,162,in_progress,medium,2025-04-03,
"velit eos quasi","Vel eligendi nemo nihil dolores. Quia est voluptatem voluptatem voluptate perferendis maxime. Dolores tempore ut non eligendi voluptatem quia.",64,62,completed,high,2025-03-28,"2025-03-06 13:05:02"
"minima qui incidunt","Sint ea ut rerum ipsum praesentium saepe temporibus doloribus. Quia illum repellendus voluptas unde placeat quaerat. Molestiae consequatur est at sapiente.",76,25,planning,medium,2025-04-03,
"voluptatem nihil officiis","Facere voluptatibus consequuntur laborum aliquam minus qui quis. Consequatur et rerum ut laboriosam sit similique. Ut ipsam excepturi consequatur sapiente cupiditate.",47,175,completed,high,2025-03-31,"2025-03-08 06:09:23"
"et quasi ut","Minima nulla quisquam totam sint. Mollitia quis unde inventore ipsum nostrum molestiae reprehenderit. Blanditiis assumenda quibusdam omnis amet magni ipsa quae.",5,49,in_progress,critical,2025-04-02,
"vel voluptas repudiandae","Aliquam totam aut itaque numquam. Deserunt id eligendi ea reprehenderit magni. Ipsum possimus est quia et.",80,154,planning,medium,2025-03-31,
"quis iure neque","Placeat eos voluptates est assumenda culpa iure ab sed. Eius dolores voluptas quas et. Voluptas sit officia ea id at molestiae.",4,70,cancelled,low,2025-03-31,
"veniam possimus corrupti","Magni veniam tempore nemo ipsum qui. Repellat saepe culpa architecto laudantium excepturi vitae dicta. Sed sint blanditiis nesciunt.",47,136,cancelled,medium,2025-03-27,
"quibusdam accusantium et","Ea aut consectetur laborum ducimus voluptatem sint. Inventore magnam dolor tempore omnis minima odit ipsam voluptas. Et adipisci voluptates quia.",52,180,planning,medium,2025-04-01,
"eum labore laborum","Sint soluta non in est et. Omnis est et ex nemo numquam porro temporibus et. Corporis illum quis rerum.",22,108,completed,high,2025-03-29,"2025-03-12 07:13:29"
"deleniti possimus deleniti","Tempore debitis est laborum animi. Aliquam est eum itaque qui. Tempore id sunt corrupti temporibus molestiae illum sunt assumenda.",4,15,completed,critical,2025-03-29,"2025-03-08 11:36:02"
"voluptatem sed non","Explicabo rerum mollitia voluptas et. Sunt quia sed minima earum nemo dolorem. Ut eaque incidunt at ut vero.",23,13,completed,low,2025-03-31,"2025-03-09 10:00:42"
"dolorem adipisci nihil","Voluptatem ut amet consequatur libero. Quae mollitia cum quia ratione odio est. Dolorem corrupti temporibus minima vel.",89,113,completed,high,2025-03-28,"2025-03-08 22:40:37"
"necessitatibus molestiae sed","Dolor iure et dolores soluta aliquid adipisci voluptatem. Corporis minima ut exercitationem ut architecto in quas. Illo fugit et quidem voluptatem blanditiis.",92,191,cancelled,medium,2025-04-03,
"ducimus quam amet","Incidunt voluptatem veritatis cupiditate ut architecto adipisci et. Id dolorem hic mollitia qui. Nostrum ab eos aut enim accusamus fugiat omnis quia.",43,34,completed,high,2025-03-29,"2025-03-13 07:55:06"
"quasi quis labore","Sint facilis recusandae suscipit dolores. Aliquid labore nostrum atque quis quam. Eos et facilis eum nesciunt ab.",44,143,planning,medium,2025-03-30,
"recusandae dolorum cum","Eum illo atque et totam. Placeat dicta et voluptatum est voluptas. Et nihil quae odit a voluptates quia.",57,27,on_hold,medium,2025-03-28,
"officiis sint modi","Accusamus consequatur voluptates explicabo dolore harum sed blanditiis enim. Non totam similique architecto numquam et. Id omnis expedita reiciendis consequatur voluptas pariatur voluptate.",36,158,in_progress,low,2025-03-28,
"quibusdam quidem labore","Rerum rerum hic omnis perferendis ex ad. Dolor repellendus consequatur porro vel sit. Non et velit sit animi praesentium eos et reiciendis.",46,115,completed,critical,2025-04-03,"2025-03-12 22:54:02"
"rerum velit atque","Minus nesciunt sint sed aut dicta. Sunt corporis et soluta et in nihil sit. Modi incidunt et laudantium vero eligendi beatae nostrum non.",99,12,completed,medium,2025-04-02,"2025-03-12 10:42:41"
"ex sapiente accusamus","Ducimus consequatur distinctio est illo quae temporibus. Aperiam officia ea exercitationem doloremque ut porro nam. Totam porro recusandae expedita quia deleniti enim voluptas odio.",66,52,on_hold,high,2025-03-27,
"reprehenderit temporibus deserunt","Et ut sed possimus in quod illum. Id sequi quae ipsa adipisci magnam. Et recusandae et iure possimus dolorum vero.",17,139,on_hold,high,2025-04-01,
"rem dolorem voluptate","Tenetur tempora placeat atque sed aut. Neque voluptatem animi alias dolorem qui exercitationem. Ipsa veniam consequatur placeat molestias vel aut assumenda quae.",82,142,cancelled,high,2025-03-31,
"eos et ut","Qui ipsum labore aut blanditiis. Et numquam sit laboriosam commodi. Odio dolorum accusantium commodi eum consequatur.",12,105,in_progress,medium,2025-03-30,
"at autem aut","Non saepe pariatur officia veritatis dolor id mollitia. Omnis consequatur beatae nesciunt itaque. Eum cumque id soluta iure.",54,42,planning,critical,2025-03-31,
"molestiae ipsum nobis","Rerum voluptatem harum qui aut omnis et. Doloremque quasi architecto earum. Aut iusto debitis dolor mollitia officia nihil.",55,109,cancelled,high,2025-04-01,
"quod ducimus non","Saepe ut neque consequatur aut alias. Et cupiditate nam id ut eveniet voluptates eos harum. Voluptas occaecati fugit qui.",4,139,on_hold,critical,2025-03-31,
"aut veritatis quae","Excepturi voluptas odit aliquid laudantium atque unde sapiente. Iste voluptatem quam impedit molestiae itaque eos quia. Fugiat in non rerum sit exercitationem.",30,57,completed,medium,2025-04-02,"2025-03-09 20:22:58"
"aspernatur quibusdam earum","Illum nostrum accusamus ducimus earum et illum. Commodi cumque ipsum perspiciatis distinctio ea repellendus aut. Non suscipit velit aut qui temporibus aut facilis.",17,95,completed,medium,2025-03-30,"2025-03-08 17:18:43"
"rerum ea veniam","Quia vel voluptatem eum harum. Similique repudiandae dolore quidem sapiente blanditiis necessitatibus ducimus. Nesciunt voluptas ipsum perferendis hic qui consequatur.",94,155,in_progress,critical,2025-04-01,
"quas quia laudantium","Vel necessitatibus omnis quisquam aut laborum molestiae. Deserunt tenetur dolore quidem in fugiat et. Totam asperiores ea omnis non omnis aliquam.",18,134,completed,low,2025-03-31,"2025-03-08 05:52:11"
"cumque in eos","Qui asperiores minus quod labore et non. Fugit culpa consequatur aliquam ut itaque. Aut dicta placeat numquam id omnis.",3,179,planning,medium,2025-03-29,
"ipsa quaerat facere","Iste similique et asperiores perferendis et. Consequuntur et consequatur earum nihil blanditiis nesciunt eligendi sint. Sint ab tempore facilis et provident.",56,37,on_hold,low,2025-03-28,
"molestias autem et","Praesentium nihil sed ipsam soluta aspernatur vero neque. A illo sunt eum molestiae. Aut sint et adipisci.",22,29,completed,low,2025-03-31,"2025-03-06 15:04:42"
"et voluptatibus ut","Ad esse eum ab laboriosam. Labore est quia ipsa et facilis error explicabo. Placeat molestiae ab totam vero impedit dolor eaque.",12,40,cancelled,low,2025-03-29,
"veniam asperiores delectus","Et necessitatibus voluptatem rem iure et hic. Delectus veniam dolorem ipsa voluptate velit impedit. Ut sunt porro pariatur est est voluptatem cumque.",74,52,planning,high,2025-03-30,
"quia tempore et","Commodi quae incidunt a quidem eius harum voluptatem. Quia ut et quos placeat eligendi in. Voluptas earum rerum et dolores quidem repellendus aut.",30,169,planning,medium,2025-03-31,
"nemo alias corporis","Provident hic eos placeat tempore quod. Odio nam dolorum omnis qui asperiores sit voluptates eos. Et sed iusto impedit tempora et illo sint.",49,30,in_progress,low,2025-03-30,
"corrupti facere corrupti","Totam voluptatem cumque rerum distinctio quia. Soluta perferendis quia sequi aliquid officiis. Et consequuntur voluptatibus molestiae id qui.",13,72,cancelled,critical,2025-04-01,
"animi deleniti aut","Adipisci autem fugit soluta cum deserunt incidunt. Et ab vel rerum ea. Vel possimus molestiae et aliquid ratione.",40,10,planning,low,2025-04-03,
"et assumenda et","Exercitationem enim vitae nobis ut quibusdam dolores aut. Atque quas sit aliquid tempore quas. Consequuntur non laboriosam eum est.",15,197,on_hold,critical,2025-03-31,
"nostrum pariatur ea","Consectetur quisquam natus odio. Assumenda officia distinctio qui cupiditate in iusto fugit. Et rerum vero quia eligendi sunt et.",11,120,completed,medium,2025-03-30,"2025-03-06 20:01:11"
"dolore maiores nobis","Dolores est voluptatem expedita quod omnis. Reiciendis et inventore ut ut ut. Perspiciatis veniam harum autem blanditiis perferendis.",25,113,planning,medium,2025-04-01,
"minus delectus dolor","Neque consectetur itaque ut sit harum. Et ut dolor omnis. Et molestias molestiae alias nesciunt magni voluptatum fuga est.",69,119,planning,high,2025-03-30,
"vitae consequuntur eligendi","Placeat eaque impedit alias. Expedita repellendus officia eum sit quisquam magni rerum. Ad voluptatibus velit aut doloribus ab.",48,111,cancelled,critical,2025-03-31,
"consequatur iure reiciendis","Atque perspiciatis corporis dolor ut animi voluptas velit. Quo maiores totam aut amet. Quia id sapiente molestiae accusamus.",7,102,cancelled,high,2025-04-03,
"nulla rerum eligendi","Fugit officia tempora deserunt modi suscipit. Libero pariatur autem corrupti quia nam id. Reprehenderit natus voluptatum id rerum laboriosam dolores.",9,117,cancelled,critical,2025-04-02,
"perspiciatis voluptatum qui","Laboriosam assumenda dolor ea laudantium fugiat et. Molestiae dolor quos quibusdam ratione dolorum harum ullam vel. Ipsam mollitia sed cupiditate omnis blanditiis.",77,3,cancelled,low,2025-03-29,
"nihil dolores doloribus","Et architecto occaecati facilis accusamus quos. Est sunt ad eos maiores eligendi voluptatem et. Voluptatum nostrum aut voluptatem magnam et explicabo.",6,38,on_hold,low,2025-04-03,
"eum cumque esse","Et omnis non aut consequatur odit et deleniti voluptatem. Et aspernatur velit dignissimos. Reprehenderit eum ab provident velit aut nesciunt hic ut.",83,133,completed,critical,2025-04-01,"2025-03-10 20:03:16"
"esse molestiae numquam","Officia cumque quas eligendi. Incidunt necessitatibus perferendis placeat voluptatem voluptas. Consequuntur nemo fugit earum iure rerum consequatur voluptate.",40,150,in_progress,high,2025-03-31,
"voluptatem ut voluptas","Quas quo laborum asperiores voluptas molestias et necessitatibus. Qui dolores molestiae voluptatem. Aut temporibus molestiae veniam libero mollitia quis.",93,105,in_progress,high,2025-04-02,
"amet et omnis","Reprehenderit est aut nobis et. Et voluptatibus reprehenderit rerum ut in. Nostrum quas reprehenderit et nemo accusantium doloremque.",19,140,on_hold,medium,2025-03-30,
"repudiandae nobis molestias","Assumenda nostrum iste est corporis sit eum. Nihil officia ducimus quo voluptatum inventore dicta. Aut nobis dolor quas ipsum deserunt cum.",73,17,completed,critical,2025-03-31,"2025-03-09 07:31:29"
"ut in omnis","Iure accusantium at qui ea fugiat. Labore et doloremque nam explicabo sint quia. Fuga nobis est sunt doloribus.",33,54,cancelled,high,2025-03-31,
"consequatur odit reiciendis","Quia accusamus velit quia non at corporis voluptatem. Et nam neque accusamus aut. Dolores consequatur iste eaque quasi quia exercitationem.",56,74,planning,high,2025-03-29,
"distinctio fugit esse","Odio quod suscipit tempora voluptatum numquam est. Cumque nesciunt provident maxime nam in. Amet ex qui voluptatem dolorem quo doloribus.",30,13,on_hold,medium,2025-04-01,
"enim aperiam minus","Magnam non eum voluptates. Aperiam dolorem reprehenderit consequuntur. Sequi qui ducimus hic facilis.",5,148,on_hold,high,2025-04-01,
"et dolor dolor","Et et omnis est fugit. Atque perspiciatis amet aut et deleniti exercitationem voluptas. Non qui ea delectus non dolor repellendus.",71,117,cancelled,low,2025-04-01,
"quia nemo quasi","Quia non dolor debitis iste eum voluptas. Id possimus est excepturi quae. Explicabo magnam earum repellendus et qui in impedit quidem.",5,87,planning,low,2025-04-02,
"voluptatem accusamus illo","Repellat ad eos recusandae dolor fugiat. Qui a rerum accusantium nihil consequatur harum. Enim cumque praesentium eligendi itaque facere.",20,15,in_progress,critical,2025-04-03,
"maiores iusto ea","Ut totam quasi facilis iusto dolorem dolorum. Libero eum et vero alias facere quod ut. Et molestiae et architecto dolorum quod et.",53,89,in_progress,low,2025-03-31,
"veniam atque voluptatem","Voluptas aut in recusandae voluptate veritatis sit odit. Repudiandae delectus ea architecto officia velit neque. Repudiandae dolor provident autem quam veritatis voluptas et.",39,69,on_hold,critical,2025-04-02,
"et quia nobis","Consequatur eius iste autem nihil et esse ut perspiciatis. Similique id qui corrupti labore. Et consectetur molestiae veritatis aut saepe.",69,49,in_progress,critical,2025-03-29,
"at atque numquam","Quam fugiat velit voluptatibus cum ipsam eius sunt. Impedit beatae ut molestiae sunt velit. Natus officiis cupiditate omnis ut.",24,13,on_hold,medium,2025-04-02,
"quae est necessitatibus","Eveniet qui aut nisi dolorem ut officia. Omnis illo possimus odio unde consequatur atque. Vitae at non necessitatibus accusantium possimus accusamus.",18,142,planning,medium,2025-03-31,
"ut voluptas quod","Sunt est qui amet. Explicabo asperiores quam provident et adipisci. Et enim voluptatum ut expedita.",78,112,completed,high,2025-03-29,"2025-03-12 12:27:36"
"quidem nesciunt et","Provident quibusdam nemo est eaque consectetur deserunt in. Incidunt eligendi vel id repellendus quia. Quo et placeat nesciunt dicta et aliquid ut.",32,70,planning,medium,2025-03-30,
"pariatur animi aperiam","Impedit neque iure aperiam quia aspernatur ut. Similique voluptates necessitatibus aspernatur sint vitae voluptatem commodi. Corrupti dolor eius quia sit exercitationem consequuntur esse.",88,112,cancelled,medium,2025-03-28,
